{
  "swagger": "2.0",
  "info": {
     "description": "This is a Lead Management service.\n",
     "version": "1.0.0",
     "title": "Lead Management"
  },
  "paths": {
     "/leadsMgmt": {
        "post": {
           "tags": [
              "Leads Management"
           ],
           "summary": "Add a new leadsMgmt",
           "operationId": "addLeadsMgmt",
           "consumes": [
              "application/json",
              "application/xml"
           ],
           "produces": [
              "application/json",
              "application/xml"
           ],
           "parameters": [
              {
                 "in": "body",
                 "name": "body",
                 "description": "LeadsMgmt object that needs to be added to the store",
                 "required": true,
                 "schema": {
                    "$ref": "#/definitions/LeadsMgmt"
                 }
              }
           ],
           "responses": {
              "405": {
                 "description": "Invalid input"
              }
           },
           "security": [
              {
                 "leadsMgmtstore_auth": [
                    "write:leadsMgmts",
                    "read:leadsMgmts"
                 ]
              }
           ]
        },
        "put": {
           "tags": [
              "Leads Management"
           ],
           "summary": "Update an existing leadsMgmt",
           "operationId": "updateLeadsMgmt",
           "consumes": [
              "application/json",
              "application/xml"
           ],
           "produces": [
              "application/json",
              "application/xml"
           ],
           "parameters": [
              {
                 "in": "body",
                 "name": "body",
                 "description": "LeadsMgmt object that needs to be added to the store",
                 "required": true,
                 "schema": {
                    "$ref": "#/definitions/LeadsMgmt"
                 }
              }
           ],
           "responses": {
              "400": {
                 "description": "Invalid ID supplied"
              },
              "404": {
                 "description": "LeadsMgmt not found"
              },
              "405": {
                 "description": "Validation exception"
              }
           },
           "security": [
              {
                 "leadsMgmtstore_auth": [
                    "write:leadsMgmts",
                    "read:leadsMgmts"
                 ]
              }
           ]
        }
     },
     "/leadsMgmt/findByStatus": {
        "get": {
           "tags": [
              "Leads Management"
           ],
           "summary": "Finds LeadsMgmts by status",
           "description": "Multiple status values can be provided with comma separated strings",
           "operationId": "findLeadsMgmtsByStatus",
           "produces": [
              "application/json",
              "application/xml"
           ],
           "parameters": [
              {
                 "name": "status",
                 "in": "query",
                 "description": "Status values that need to be considered for filter",
                 "required": true,
                 "type": "array",
                 "items": {
                    "type": "string",
                    "enum": [
                       "Converted",
                       "Deleted",
                       "Open"
                    ],
                    "default": "available"
                 },
                 "collectionFormat": "multi"
              }
           ],
           "responses": {
              "200": {
                 "description": "successful operation",
                 "schema": {
                    "type": "array",
                    "items": {
                       "$ref": "#/definitions/LeadsMgmt"
                    }
                 }
              },
              "400": {
                 "description": "Invalid status value"
              }
           },
           "security": [
              {
                 "leadsMgmtstore_auth": [
                    "write:leadsMgmts",
                    "read:leadsMgmts"
                 ]
              }
           ]
        }
     },
     "/leadsMgmt/{leadsMgmtId}": {
        "get": {
           "tags": [
              "Leads Management"
           ],
           "summary": "Find leadsMgmt by ID",
           "description": "Returns a single leadsMgmt",
           "operationId": "getLeadsMgmtById",
           "produces": [
              "application/json",
              "application/xml"
           ],
           "parameters": [
              {
                 "name": "leadsMgmtId",
                 "in": "path",
                 "description": "ID of leadsMgmt to return",
                 "required": true,
                 "type": "integer",
                 "format": "int64"
              }
           ],
           "responses": {
              "200": {
                 "description": "successful operation",
                 "schema": {
                    "$ref": "#/definitions/LeadsMgmt"
                 }
              },
              "400": {
                 "description": "Invalid ID supplied"
              },
              "404": {
                 "description": "LeadsMgmt not found"
              }
           },
           "security": [
              {
                 "api_key": []
              }
           ]
        },
        "delete": {
           "tags": [
              "Leads Management"
           ],
           "summary": "Deletes a leadsMgmt",
           "operationId": "deleteLeadsMgmt",
           "produces": [
              "application/json",
              "application/xml"
           ],
           "parameters": [
              {
                 "name": "api_key",
                 "in": "header",
                 "required": false,
                 "type": "string"
              },
              {
                 "name": "leadsMgmtId",
                 "in": "path",
                 "description": "LeadsMgmt id to delete",
                 "required": true,
                 "type": "integer",
                 "format": "int64"
              }
           ],
           "responses": {
              "400": {
                 "description": "Invalid ID supplied"
              },
              "404": {
                 "description": "LeadsMgmt not found"
              }
           },
           "security": [
              {
                 "leadsMgmtstore_auth": [
                    "write:leadsMgmts",
                    "read:leadsMgmts"
                 ]
              }
           ]
        }
     },
     "/leadsMgmt/Company/{companyId}": {
        "get": {
           "tags": [
              "All Leads By Company"
           ],
           "summary": "Find leadsMgmt by ID",
           "description": "Returns list of leadsMgmt for the company",
           "operationId": "getAllLeadssByCompany",
           "produces": [
              "application/json"
           ],
           "parameters": [
              {
                 "name": "companyId",
                 "in": "path",
                 "description": "ID of company to return",
                 "required": true,
                 "type": "integer",
                 "format": "int64"
              }
           ],
           "responses": {
              "200": {
                 "description": "successful operation",
                 "schema": {
                    "type": "array",
                    "items": {
                       "$ref": "#/definitions/LeadsMgmt"
                    }
                 }
              },
              "400": {
                 "description": "Invalid ID supplied"
              },
              "404": {
                 "description": "Company not found"
              }
           },
           "security": [
              {
                 "api_key": []
              }
           ]
        }
     },
     "/leadsMgmt/User/{userId}": {
        "get": {
           "tags": [
              "All Leads By User"
           ],
           "summary": "Find leadsMgmt by ID",
           "description": "Returns list of leadsMgmt for the company",
           "operationId": "All Leads By User",
           "produces": [
              "application/json"
           ],
           "parameters": [
              {
                 "name": "userId",
                 "in": "path",
                 "description": "ID of user to return Leadss associated",
                 "required": true,
                 "type": "integer",
                 "format": "int64"
              }
           ],
           "responses": {
              "200": {
                 "description": "successful operation",
                 "schema": {
                    "type": "array",
                    "items": {
                       "$ref": "#/definitions/LeadsMgmt"
                    }
                 }
              },
              "400": {
                 "description": "Invalid ID supplied"
              },
              "404": {
                 "description": "User not found"
              }
           },
           "security": [
              {
                 "api_key": []
              }
           ]
        }
     }
  },
  "securityDefinitions": {
     "leadsMgmtstore_auth": {
        "type": "oauth2",
        "authorizationUrl": "http://leadsMgmtstore.swagger.io/oauth/dialog",
        "flow": "implicit",
        "scopes": {
           "write:leadsMgmts": "modify leadsMgmts in your account",
           "read:leadsMgmts": "read your leadsMgmts"
        }
     },
     "api_key": {
        "type": "apiKey",
        "name": "api_key",
        "in": "header"
     }
  },
  "definitions": {
     "HomeOwner": {
        "type": "object",
        "properties": {
           "homeownerId": {
              "type": "integer",
              "format": "int64"
           },
           "username": {
              "type": "string"
           },
           "firstName": {
              "type": "string"
           },
           "lastName": {
              "type": "string"
           },
           "homePhone": {
              "type": "string"
           },
           "mobilePhone": {
              "type": "string"
           },
           "email": {
              "type": "string"
           },
           "userStatus": {
              "type": "boolean",
              "default": false
           },
           "customNotes": {
              "type": "string",
              "description": "Custom Type"
           },
           "householdType": {
              "type": "string",
              "example": false
           }
        }
     },
     "User": {
        "type": "object",
        "properties": {
           "userId": {
              "type": "integer",
              "format": "int64"
           },
           "companyId": {
              "type": "integer",
              "format": "int64"
           }
        },
        "xml": {
           "name": "User"
        }
     },
     "Address": {
        "type": "object",
        "properties": {
           "addressId": {
              "type": "integer",
              "format": "int64"
           },
           "evMeasurementStatus": {
              "type": "string"
           },
           "addressLine1": {
              "type": "string"
           },
           "addressLine2": {
              "type": "string"
           },
           "city": {
              "type": "string"
           },
           "state": {
              "type": "string"
           },
           "zip": {
              "type": "integer",
              "format": "int64"
           }
        },
        "xml": {
           "name": "Address"
        }
     },
     "LeadsMgmt": {
        "type": "object",
        "required": [
           "primaryUser",
           "status"
        ],
        "properties": {
           "id": {
              "type": "integer",
              "format": "int64"
           },
           "convertedToOpportunity": {
              "type": "boolean",
              "format": "string"
           },
           "primaryUser": {
              "$ref": "#/definitions/HomeOwner"
           },
           "secondaryUser": {
              "$ref": "#/definitions/HomeOwner"
           },
           "jobType": {
              "type": "string",
              "description": "leadsMgmt job type in the store",
              "enum": [
                 "Full Install",
                 "Partial Replacement",
                 "Minor Repair",
                 "Gutters",
                 "Non Roof job"
              ]
           },
           "leadSource": {
              "type": "string",
              "description": "leadsMgmt lead source in the store",
              "enum": [
                 "Yellow Pages",
                 "Word of Mouth",
                 "Web",
                 "Phone",
                 "Email",
                 "Angie's List",
                 "Marketing Agency",
                 "Television",
                 "Other(free text)"
              ]
           },
           "assignedTo": {
              "$ref": "#/definitions/User"
           },
           "address": {
              "$ref": "#/definitions/Address"
           },
           "leadStatus": {
              "type": "string",
              "description": "leadsMgmt status in the store",
              "enum": [
                 "Deleted",
                 "Open",
                 "Qualified",
                 "Disqualified",
                 "Converted"
              ]
           }
        },
        "xml": {
           "name": "LeadsMgmt"
        }
     }
  },
  "schemes": [
     "https"
  ],
  "basePath": "/c693/leads/1.0.0",
  "host": "virtserver.swaggerhub.com"
}